{
    "abcnews.go.com": 0.00012134146341463414,
    "aderholt.house.gov": 0.0,
    "edition.cnn.com": 6.646341463414634e-05,
    "en.wikipedia.org": 0.00024268292682926829,
    "fivethirtyeight.com": 1.2195121951219513e-05,
    "gun-control.procon.org": 3.0487804878048782e-06,
    "twitter.com": 0.0036761363636363636,
    "www.academy.com": 3.6585365853658535e-05,
    "www.atf.gov": 9.146341463414634e-06,
    "www.axios.com": 6.704545454545455e-05,
    "www.bbc.com": 6.768292682926829e-05,
    "www.cabelas.com": 0.0002530487804878049,
    "www.cbsnews.com": 0.00031829268292682926,
    "www.cfr.org": 1.8292682926829268e-06,
    "www.cheaperthandirt.com": 0.00018597560975609756,
    "www.cnbc.com": 4.878048780487805e-05,
    "www.independent.co.uk": 9.817073170731707e-05,
    "www.justfacts.com": 1.7045454545454546e-06,
    "www.merriam-webster.com": 1.2195121951219512e-06,
    "www.nbcnews.com": 0.0001798780487804878,
    "www.newyorker.com": 2.2560975609756096e-05,
    "www.npr.org": 0.00015548780487804878,
    "www.nytimes.com": 0.0004774390243902439,
    "www.opensecrets.org": 0.00017682926829268292,
    "www.oregonlive.com": 0.00010792682926829269,
    "www.pewresearch.org": 1.2195121951219513e-05,
    "www.propublica.org": 7.954545454545455e-06,
    "www.scientificamerican.com": 4.085365853658537e-05,
    "www.shootingtracker.com": 0.0,
    "www.sportsmansguide.com": 3.0487804878048782e-06,
    "www.theatlantic.com": 0.00013170731707317073,
    "www.thetrace.org": 0.0002219512195121951,
    "www.usnews.com": 0.0003804878048780488,
    "www.vox.com": 0.00014147727272727272,
    "www.washingtonpost.com": 0.0005365853658536586,
    "www.wired.com": 7.926829268292683e-06,
    "www.wsj.com": 0.00016707317073170731
}