{
    "abcnews.go.com": 0.0006624293785310734,
    "aderholt.house.gov": 0.0,
    "edition.cnn.com": 0.00025,
    "en.wikipedia.org": 0.0005607344632768362,
    "fivethirtyeight.com": 5.649717514124294e-05,
    "gun-control.procon.org": 8.47457627118644e-06,
    "twitter.com": 0.009855699855699855,
    "www.academy.com": 2.824858757062147e-05,
    "www.atf.gov": 0.0001327683615819209,
    "www.axios.com": 5.0505050505050505e-05,
    "www.bbc.com": 0.00013135593220338983,
    "www.cabelas.com": 4.23728813559322e-06,
    "www.cbsnews.com": 0.0031214689265536724,
    "www.cfr.org": 0.0,
    "www.cheaperthandirt.com": 5.649717514124294e-05,
    "www.cnbc.com": 0.00010451977401129944,
    "www.independent.co.uk": 0.0003615819209039548,
    "www.justfacts.com": 2.886002886002886e-06,
    "www.merriam-webster.com": 0.0,
    "www.nbcnews.com": 0.0006129943502824859,
    "www.newyorker.com": 5.3672316384180794e-05,
    "www.npr.org": 0.0003559322033898305,
    "www.nytimes.com": 0.0011398305084745763,
    "www.opensecrets.org": 0.00017937853107344632,
    "www.oregonlive.com": 0.00013559322033898305,
    "www.pewresearch.org": 0.0,
    "www.propublica.org": 1.1544011544011544e-05,
    "www.scientificamerican.com": 4.23728813559322e-06,
    "www.shootingtracker.com": 0.0,
    "www.sportsmansguide.com": 0.0,
    "www.theatlantic.com": 0.0002387005649717514,
    "www.thetrace.org": 0.00022175141242937853,
    "www.usnews.com": 0.00035310734463276836,
    "www.vox.com": 0.0002784992784992785,
    "www.washingtonpost.com": 0.001231638418079096,
    "www.wired.com": 2.5423728813559322e-05,
    "www.wsj.com": 0.00023728813559322035
}